kanji,radical,frequency,JLPT_level
人,人,817004,5
何,人,743033,5
私,禾,578766,4
分,刀,508472,5
見,見,484479,5
大,大,471716,5
言,言,446473,4
前,刀,435313,5
子,子,417464,5
行,行,392860,5
出,凵,391136,5
気,气,384815,5
俺,人,371155,0
今,人,369899,5
一,一,351673,5
手,手,323384,4
生,生,320957,5
日,日,318183,5
話,言,317990,5
事,亅,307172,4
彼,彳,306231,3
間,門,305170,5
時,日,301869,5
女,女,288016,5
来,人,278527,5
思,心,277630,4
君,口,263139,3
本,木,257586,5
中,丨,251867,5
者,老,240806,4
会,曰,226882,4
入,入,213604,5
上,一,212327,5
知,矢,208620,4
自,自,206130,4
僕,人,200991,1
当,田,196110,3
年,干,193489,5
最,曰,192082,3
家,宀,181776,4
物,牛,181156,4
聞,耳,179662,5
長,長,171565,5
理,玉,170829,4
目,目,170677,4
合,口,170565,3
部,邑,168905,3
音,音,168832,4
心,心,166160,4
待,彳,165925,4
全,入,162612,3
後,彳,160470,5
誰,言,159634,0
違,辵,157405,3
食,食,157062,5
男,田,151152,5
方,方,149419,4
力,力,149252,4
死,歹,147329,4
悪,心,146952,4
変,言,144564,3
持,手,143690,4
場,土,143479,4
同,口,140726,4
夫,大,140438,3
先,儿,140314,5
作,人,140062,4
体,骨,135459,4
下,一,134757,5
動,力,134430,4
殺,殳,130900,3
無,火,130315,2
所,戶,129118,3
様,木,127074,3
感,心,126946,3
取,又,126798,3
声,耳,124159,3
性,心,123946,3
戦,戈,123653,3
度,广,121419,4
金,金,121297,5
回,囗,120739,3
意,心,120033,4
高,高,119385,5
父,父,119115,5
要,襾,118770,3
信,人,116946,3
地,土,116516,4
学,子,116514,5
明,日,116038,4
実,宀,115948,3
名,口,114297,5
好,女,113003,3
仕,人,112809,4
不,一,110340,4
親,見,108610,4
的,白,108042,4
楽,木,107000,4
国,囗,106515,5
母,毋,106273,5
丈,一,103358,0
勝,力,103291,3
通,辵,102676,4
結,糸,102358,1
世,一,100911,4
用,用,100657,4
切,刀,100603,4
立,立,100432,4
早,日,100300,4
発,癶,100158,4
着,羊,99931,4
戻,戶,99211,3
決,水,99050,3
外,夕,98887,5
解,角,97766,3
帰,止,97531,4
使,人,97022,4
必,心,96365,3
員,口,95682,4
連,辵,95384,3
田,田,93248,4
真,目,93239,4
問,口,92446,4
味,口,92062,4
少,小,91807,4
助,力,91689,3
教,攴,91239,4
次,欠,91049,3
対,寸,90962,3
小,小,90563,5
番,田,89976,3
愛,心,89965,3
考,老,89272,4
別,刀,87460,4
電,雨,87437,5
代,人,86944,4
車,車,86487,5
神,示,86069,3
失,大,84130,3
新,斤,83825,4
緒,糸,83752,3
落,艸,82490,3
正,止,81913,4
美,羊,81700,3
開,門,81152,4
初,刀,80990,3
確,石,80761,3
元,儿,80682,4
夜,夕,79684,4
野,里,78577,4
残,歹,78306,3
関,門,77833,3
頼,貝,77727,3
強,弓,77583,4
面,面,77062,3
終,糸,76926,4
界,田,76405,4
友,又,75821,5
配,酉,75580,3
引,弓,75485,3
命,口,75453,3
相,目,75223,3
近,辵,74209,4
郎,邑,74059,1
書,曰,73127,5
士,士,73115,1
達,辵,72790,3
撃,手,72783,1
警,言,72458,3
王,玉,72389,3
調,言,72059,3
月,月,71428,5
法,水,71172,3
供,人,70281,3
安,宀,70093,4
題,頁,70068,4
止,止,69747,4
張,弓,69700,1
伝,人,69643,3
始,女,68845,4
以,人,68785,4
込,辵,68779,3
屋,尸,68435,4
機,木,67777,3
社,示,67611,4
現,玉,67096,3
向,口,66866,3
魔,鬼,66463,1
山,山,66233,5
道,辵,66178,4
然,火,65999,3
身,身,65986,3
直,目,65786,3
業,木,65556,4
白,白,65530,5
空,穴,65472,4
成,戈,65412,3
木,木,65313,5
我,戈,65228,1
口,口,64989,4
情,心,64368,3
起,走,64237,4
覚,見,63910,3
続,糸,63706,3
逃,辵,63483,3
呼,口,63458,3
願,頁,62985,3
足,足,62857,4
任,人,62814,3
選,辵,62757,3
太,大,62373,3
報,土,62166,3
水,水,61296,5
海,水,61121,4
他,人,61013,3
内,入,60742,3
笑,竹,60153,3
件,人,59885,3
付,人,59518,3
返,辵,59489,3
急,心,59296,4
守,宀,58687,3
受,又,58651,3
兄,儿,58532,4
乗,丿,58468,3
主,丶,58241,4
数,攴,57809,3
息,心,57794,3
運,辵,57654,4
定,宀,57271,3
能,肉,56635,3
平,干,56603,3
族,方,56003,4
由,田,55769,3
顔,頁,55699,3
優,人,55644,3
婚,女,55151,3
多,夕,55142,4
店,广,54905,4
重,里,54880,4
画,田,54843,4
飲,食,54755,4
絶,糸,54085,3
頭,頁,53620,3
嫌,女,53241,1
約,糸,53119,3
料,斗,52786,4
過,辵,52012,3
奴,女,51766,1
組,糸,51727,3
校,木,51453,5
消,水,50909,3
置,网,50203,3
負,貝,49896,3
放,攴,49851,3
係,人,49700,3
皆,白,49606,3
備,人,49581,3
天,大,49519,5
指,手,49413,3
記,言,49272,3
得,彳,49264,3
村,木,48582,2
離,隹,48579,1
買,貝,48447,4
寝,宀,48250,3
集,隹,48216,4
状,犬,47997,3
万,艸,47976,5
原,厂,47845,3
追,辵,47668,3
飛,飛,47297,3
証,言,47208,1
送,辵,47156,4
犯,犬,47052,3
危,卩,46851,3
官,宀,46813,3
査,木,46073,2
利,刀,46064,3
忘,心,46048,3
特,牛,45827,4
礼,示,45714,3
化,匕,45539,3
葉,艸,45412,3
務,力,45397,3
売,貝,45110,4
客,宀,44923,3
語,言,44772,5
病,疒,44687,4
察,宀,44642,3
仲,人,44275,2
二,二,44246,5
血,血,44214,2
反,又,44114,3
怖,心,43951,3
捜,手,43925,2
望,月,43806,3
認,言,43500,3
断,斤,43481,3
品,口,43470,4
進,辵,43409,3
軍,車,43019,2
許,言,42771,3
果,木,42576,3
流,水,42299,3
痛,疒,42272,3
計,言,42174,4
説,言,41912,3
娘,女,41850,3
転,車,41782,4
完,宀,41776,3
夢,夕,41521,3
室,宀,41501,4
告,口,41443,3
役,彳,41000,3
点,黑,40969,3
護,言,40810,1
師,巾,40756,3
苦,艸,40603,3
隊,阜,40533,1
歳,止,40503,3
船,舟,40479,3
加,力,40441,3
可,口,40389,3
幸,干,40365,3
捕,手,40338,3
星,日,40071,2
傷,人,40040,1
探,手,40036,3
予,豕,39740,3
保,人,39606,1
試,言,39258,4
経,糸,38182,3
罪,网,37997,3
良,艮,37964,3
風,風,37874,4
表,衣,37855,3
術,行,37790,3
朝,月,37710,4
想,心,37661,3
兵,八,37478,2
歌,欠,37319,4
期,月,37279,3
応,心,37243,1
文,文,37019,4
歩,止,36927,4
活,水,36801,3
光,儿,36779,3
貴,貝,36680,1
火,火,36504,5
突,穴,36279,3
住,人,36263,4
謝,言,35891,1
第,竹,35781,1
敵,攴,35781,1
険,阜,35697,3
隠,阜,35697,1
頑,頁,35686,1
治,水,35660,3
判,刀,35409,3
抜,手,35369,3
花,艸,35314,4
座,广,35270,3
難,隹,35213,3
質,貝,35167,4
医,酉,35093,4
倒,人,34997,3
念,心,34846,3
悟,心,34800,1
週,辵,34754,4
怒,心,34731,3
薬,艸,34691,3
黒,黑,34561,4
遅,辵,34472,3
在,土,34388,3
馬,馬,34294,3
救,攴,34169,1
恋,心,34093,2
遠,辵,33977,3
川,巛,33886,5
色,色,33717,4
去,厶,33666,4
映,日,33635,4
院,阜,33624,4
常,巾,33569,3
赤,赤,33446,4
有,月,33389,4
器,口,33369,1
験,馬,33286,4
島,山,33179,2
恐,心,32992,3
構,木,32892,3
準,水,32886,2
渡,水,32787,3
民,氏,32742,3
犬,犬,32626,4
態,心,32597,1
議,言,32570,3
服,月,32555,4
休,人,32546,5
破,石,32443,3
銃,金,32413,1
泣,水,32340,1
号,虍,32306,3
藤,艸,32221,1
談,言,32179,3
介,人,31874,2
束,木,31747,3
欲,欠,31690,3
黙,黑,31649,1
鳴,鳥,31556,3
装,衣,31540,2
存,子,31539,3
位,人,31342,3
刑,刀,31229,1
打,手,31139,3
未,木,31124,3
答,竹,31063,4
義,羊,30780,1
写,宀,30654,4
公,八,30533,4
害,宀,30344,3
了,亅,30285,2
素,糸,30100,1
遊,辵,29976,3
格,木,29969,3
半,十,29934,5
単,口,29851,3
読,言,29699,5
絡,糸,29636,2
式,弋,29619,3
検,木,29497,1
井,二,29465,1
交,亠,29426,3
走,走,29268,4
視,見,29220,1
石,石,29066,3
壊,土,28807,1
満,水,28670,3
爆,火,28407,2
産,生,28272,3
支,支,28178,3
影,彡,28119,1
十,十,28059,5
払,手,28034,3
退,辵,27746,3
昔,日,27732,3
密,宀,27616,1
和,口,27411,3
妻,女,27363,3
姉,女,27324,4
弟,弓,27314,4
速,辵,27225,3
形,彡,27109,3
限,阜,27068,3
秘,示,27011,1
徒,彳,26910,3
共,八,26882,3
台,至,26872,4
演,水,26565,3
驚,馬,26520,1
球,玉,26447,3
若,艸,26332,3
悲,心,26291,3
観,見,26278,3
両,入,26084,3
練,糸,26080,2
投,手,25879,3
裏,衣,25828,2
深,水,25677,3
技,手,25558,2
撮,手,25519,1
盗,皿,25416,3
再,冂,25356,2
攻,攴,25274,1
習,羽,25269,4
似,人,25227,3
南,十,25063,5
収,攴,24808,3
字,子,24796,4
済,水,24774,3
働,人,24741,3
注,水,24705,4
土,土,24678,5
政,攴,24677,3
閉,門,24672,3
制,刀,24620,3
肉,肉,24530,4
捨,手,24510,2
毎,毋,24508,5
聖,耳,24492,1
頃,頁,24486,0
酒,酉,24408,3
静,靑,24367,3
弁,辛瓜辛,24340,1
像,人,24305,2
広,广,24283,4
邪,邑,24157,1
久,丿,24123,2
帯,巾,24049,2
三,一,23989,5
求,水,23973,3
育,肉,23962,3
職,耳,23882,3
容,宀,23827,3
降,阜,23826,3
門,門,23807,2
監,皿,23709,1
佐,人,23626,1
独,犬,23618,1
権,木,23579,3
冷,冫,23565,3
銀,金,23511,4
東,木,23484,5
普,日,23483,2
敗,攴,23376,3
復,彳,23331,2
武,止,23241,2
線,糸,23186,2
腹,肉,23172,3
局,尸,23166,3
争,爪,23104,3
令,人,23038,2
昨,日,23023,3
市,巾,22995,3
姿,女,22877,1
触,角,22836,2
疑,疋,22831,3
案,木,22662,1
暴,日,22653,2
首,首,22640,3
責,貝,22591,3
団,囗,22574,2
居,尸,22437,3
資,貝,22414,3
喜,口,22375,3
故,攴,22373,1
熱,火,22322,3
園,囗,22319,3
参,厶,22319,3
弾,弓,22308,1
与,臼,22106,3
困,囗,22038,3
脱,肉,22038,1
科,禾,22036,3
興,臼,22036,1
香,香,22022,2
移,禾,21984,2
押,手,21945,3
設,言,21944,2
精,米,21925,3
町,田,21904,4
況,水,21891,2
北,匕,21781,5
疲,疒,21772,3
司,口,21652,1
松,木,21601,1
雄,隹,21539,1
宮,宀,21448,1
眠,目,21425,3
奥,大,21237,2
西,襾,21217,5
接,手,21212,2
統,糸,21189,1
曲,曰,21170,3
吸,口,21120,3
旅,方,21044,4
寄,宀,21041,3
古,口,21038,4
工,工,21037,4
崎,山,21036,1
城,土,20806,2
誘,言,20765,1
越,走,20687,3
青,靑,20638,4
段,殳,20629,3
将,寸,20614,2
協,十,20431,2
千,十,20412,5
雪,雨,20386,3
剣,刀,20378,1
乱,乙,20358,2
希,巾,20239,2
造,辵,20205,2
拠,手,20157,1
申,田,20125,3
勢,力,20091,2
増,土,20068,3
功,力,20050,1
類,頁,20044,3
怪,心,20007,1
焼,火,19952,2
異,田,19936,1
衣,衣,19868,2
種,禾,19864,3
例,人,19863,3
飯,食,19781,4
谷,谷,19753,2
里,里,19736,0
宇,宀,19703,2
狙,犬,19688,1
超,走,19671,2
簡,竹,19595,2
除,阜,19575,3
示,示,19567,3
闘,鬥,19483,1
際,阜,19455,3
殴,殳,19373,1
英,艸,19356,4
録,金,19353,2
奈,大,19314,1
紙,糸,19229,4
奪,大,19180,1
療,疒,19101,2
効,力,19052,2
街,行,18960,1
差,工,18952,3
杯,木,18952,3
携,手,18936,1
州,巛,18928,2
処,虍,18888,3
振,手,18842,1
派,水,18824,1
余,食,18767,3
妹,女,18746,4
修,人,18718,1
具,八,18709,3
輩,車,18703,1
春,日,18595,4
迎,辵,18572,3
毒,毋,18546,2
届,尸,18530,2
領,頁,18419,2
絵,糸,18347,3
識,言,18340,3
宙,宀,18258,1
丸,丶,18180,2
逆,辵,18117,2
冗,冖,18117,1
亡,亠,18044,3
弱,弓,17940,2
貸,貝,17780,4
片,片,17757,2
低,人,17728,2
射,寸,17706,1
堂,土,17649,4
従,彳,17645,1
減,水,17623,2
訳,言,17611,1
割,刀,17575,3
矢,矢,17534,1
跡,足,17499,2
髪,髟,17466,3
論,言,17414,3
登,癶,17342,3
禁,示,17327,2
根,木,17298,2
腕,肉,17294,2
才,手,17282,3
周,口,17247,2
援,手,17229,1
価,人,17222,1
暮,日,17217,3
巻,卩,17214,2
氏,氏,17214,1
霊,雨,17205,1
迷,辵,17202,3
激,水,17180,1
席,巾,17176,3
階,阜,17129,2
防,阜,17121,2
細,糸,17061,2
吉,口,17027,1
図,囗,17023,4
個,人,16995,2
遺,辵,16982,1
労,力,16948,3
側,人,16897,3
量,里,16878,2
惑,心,16863,1
八,八,16861,5
路,足,16854,3
洗,水,16826,3
衛,行,16821,1
暗,日,16782,3
麻,麻,16601,1
瞬,目,16574,1
末,木,16507,3
借,人,16501,4
被,衣,16482,2
殿,殳,16475,2
艦,舟,16447,1
志,心,16414,1
刺,刀,16402,2
岡,山,16279,1
鬼,鬼,16223,1
管,竹,16209,2
担,手,16150,2
夏,夊,16128,4
襲,衣,16096,1
骨,骨,15912,2
騒,馬,15880,1
材,木,15836,2
辺,辵,15791,2
魚,魚,15682,4
値,人,15636,3
極,木,15617,2
都,邑,15597,3
鳥,鳥,15579,4
波,水,15577,2
菜,艸,15526,2
裁,衣,15499,1
建,廴,15423,4
補,衣,15423,2
胸,肉,15390,2
授,手,15374,1
御,彳,15371,3
汚,水,15357,2
基,土,15321,1
研,石,15320,4
米,米,15291,3
史,口,15237,2
導,寸,15187,2
散,攴,15152,3
審,宀,15150,1
京,亠,15149,4
背,肉,15134,3
響,音,15084,1
歴,止,15073,2
緊,糸,15062,1
婦,女,15047,3
究,穴,15013,4
滅,水,15009,1
左,工,14970,5
茶,艸,14908,4
恥,心,14890,3
条,木,14880,1
幕,巾,14874,1
抱,手,14774,3
曜,日,14745,4
替,曰,14723,2
竜,龍,14688,1
刻,刀,14665,3
提,手,14634,1
忙,心,14621,3
博,十,14588,1
森,木,14548,2
非,非,14472,3
織,糸,14389,1
陽,阜,14382,3
舞,舛,14326,3
留,田,14298,3
浮,水,14295,3
総,糸,14281,2
戸,戶,14119,2
避,辵,13969,1
甘,甘,13955,2
右,口,13932,5
庭,广,13926,3
栄,木,13923,2
尾,尸,13899,1
永,水,13890,2
慢,心,13866,1
悔,心,13737,1
脳,肉,13692,2
壁,土,13654,1
圧,土,13651,2
囲,囗,13637,2
順,頁,13606,2
更,曰,13593,3
温,水,13587,2
互,二,13580,3
晴,日,13511,3
勇,力,13454,2
操,手,13448,1
憶,心,13429,1
因,囗,13355,3
症,疒,13288,1
宝,宀,13287,2
歓,欠,13282,1
逮,辵,13277,1
荒,艸,13230,2
荷,艸,13212,2
患,心,13192,2
宿,宀,13163,3
祝,示,13071,2
酔,酉,13054,1
樹,木,13034,1
混,水,12992,2
沢,水,12979,1
誕,言,12977,1
夕,夕,12963,4
臓,肉,12946,2
整,攴,12928,1
乾,乙,12805,2
製,衣,12735,1
坊,土,12735,0
横,木,12731,3
商,口,12712,3
老,老,12696,3
級,糸,12694,1
吹,口,12687,3
聴,耳,12609,1
玉,玉,12601,2
紹,糸,12566,2
秒,禾,12557,2
児,儿,12555,2
燃,火,12544,2
恵,心,12527,1
辞,辛,12516,3
改,攴,12512,2
館,食,12500,4
象,豕,12461,2
雑,隹,12460,3
妙,女,12425,1
描,手,12417,1
姫,女,12365,1
妖,女,12357,0
健,人,12342,1
諦,言,12309,0
厳,口,12204,1
勉,力,12194,4
五,二,12180,5
江,水,12179,1
耳,耳,12177,3
棒,木,12151,2
奇,大,12108,1
軽,車,12085,2
督,目,12083,1
脅,肉,12076,1
型,土,12072,2
駄,馬,12061,1
折,手,12004,3
掛,手,11965,3
毛,毛,11944,2
適,辵,11935,3
鈴,金,11935,1
鉄,金,11901,2
途,辵,11888,3
庫,广,11866,2
挑,手,11805,1
換,手,11785,2
賞,貝,11780,2
訴,言,11749,1
沙,水,11737,1
継,糸,11689,1
輪,車,11657,2
抗,手,11653,1
璧,玉,11649,0
評,言,11641,1
秋,禾,11596,4
宅,宀,11574,3
雨,雨,11565,5
穴,穴,11556,1
専,寸,11475,2
勘,力,11449,1
境,土,11445,2
晩,日,11414,3
誤,言,11354,3
踊,足,11352,2
障,阜,11343,1
祖,示,11338,3
善,口,11329,1
泉,水,11324,2
標,木,11289,1
課,言,11268,2
橋,木,11261,2
程,禾,11240,3
箱,竹,11183,3
氷,水,11152,2
尽,皿,11119,1
納,糸,11118,1
皇,白,11103,1
芸,艸,11099,2
稼,禾,11059,1
府,广,11037,2
獄,犬,11028,1
昼,日,11012,4
角,角,10970,2
偽,人,10967,1
福,示,10946,3
営,火,10926,2
染,木,10900,1
詰,言,10879,2
慣,心,10867,3
便,人,10833,3
端,立,10695,1
筋,竹,10685,1
魂,鬼,10663,1
率,玄,10653,1
署,网,10635,2
隣,阜,10620,1
靴,革,10598,3
費,貝,10596,3
盛,皿,10590,1
印,卩,10582,2
巨,工,10570,2
牛,牛,10568,4
恩,心,10534,1
策,竹,10534,1
祈,示,10533,2
羽,羽,10522,2
徳,彳,10470,1
鍵,金,10457,0
華,艸,10446,1
偉,人,10444,3
紀,糸,10440,1
拍,手,10437,1
陸,阜,10436,2
診,言,10421,1
到,刀,10344,3
歯,齒,10313,3
河,水,10312,2
植,木,10298,2
規,見,10287,3
創,刀,10286,1
虫,虫,10247,2
候,人,10242,3
養,食,10238,1
扱,手,10227,1
招,手,10211,3
賢,貝,10189,2
坂,土,10172,2
輝,車,10151,1
陛,阜,10118,1
依,人,10095,2
屈,尸,10090,1
給,糸,10047,3
副,刀,10045,2
握,手,10040,1
域,土,10010,2
草,艸,9983,3
訪,言,9965,3
承,手,9924,2
嬢,女,9917,1
叫,口,9906,2
固,囗,9882,2
砂,石,9874,2
百,白,9853,5
耐,而,9844,1
鼻,鼻,9830,2
至,至,9830,1
脚,肉,9825,1
帝,巾,9821,1
尻,尸,9819,0
四,囗,9818,5
岩,山,9811,2
契,大,9790,1
財,貝,9776,3
踏,足,9775,1
蔵,艸,9738,2
迫,辵,9708,1
悩,心,9698,2
暇,日,9690,1
猫,犬,9680,3
詳,言,9655,1
泊,水,9654,2
琴,玉,9631,1
並,立,9612,2
亜,二,9577,1
午,十,9532,5
底,广,9528,2
等,竹,9504,3
純,糸,9498,2
雇,隹,9465,2
算,竹,9465,2
欠,缶,9448,3
景,日,9435,3
枚,木,9426,2
衝,行,9370,1
懸,心,9360,1
布,巾,9346,2
短,矢,9339,2
津,水,9330,1
儀,人,9247,1
挙,手,9245,1
黄,黃,9221,2
吐,口,9205,1
系,糸,9204,1
祭,示,9187,2
七,一,9163,5
清,水,9159,2
侵,人,9131,1
劇,刀,9084,2
額,頁,9068,2
票,示,9042,1
積,禾,9025,3
為,爪,9017,1
妊,女,8985,1
施,方,8980,1
源,水,8946,1
損,手,8938,2
皮,皮,8912,2
魅,鬼,8891,1
円,囗,8884,5
努,力,8883,3
罰,网,8880,1
停,人,8873,2
看,目,8861,1
洋,水,8859,4
否,口,8829,3
桜,木,8820,1
油,水,8808,2
掃,手,8794,2
展,尸,8794,1
卵,卩,8772,2
比,比,8764,2
訓,言,8741,2
寂,宀,8740,1
敬,攴,8681,2
卒,十,8671,2
袋,衣,8670,2
浜,水,8634,1
競,立,8630,2
寒,宀,8624,3
秀,禾,8585,1
港,水,8579,3
乳,乙,8578,2
載,車,8544,1
企,人,8533,1
誓,言,8499,1
臭,自,8455,1
賊,貝,8399,1
孫,子,8397,2
幽,幺,8382,1
幼,幺,8359,2
窓,穴,8341,3
宗,宀,8339,1
択,手,8338,1
頂,頁,8333,3
区,匸,8316,2
伏,人,8314,1
房,戶,8252,1
誠,言,8224,1
照,火,8223,2
桃,木,8184,1
誇,言,8143,1
執,土,8119,1
編,糸,8114,2
裂,衣,8111,1
仮,人,8095,1
雷,雨,8093,1
呪,口,8068,0
党,黑,8065,2
索,糸,8064,1
犠,牛,8006,1
牲,牛,8002,1
億,人,7993,2
康,广,7993,1
刀,刀,7979,1
列,刀,7975,3
咲,口,7961,2
延,廴,7948,2
牧,牛,7928,1
剤,刀,7904,1
炎,火,7889,1
那,邑,7883,1
測,水,7878,2
快,心,7868,2
闇,門,7865,0
伸,人,7808,2
複,衣,7773,2
郷,邑,7756,1
砲,石,7741,1
忍,心,7655,1
預,頁,7640,2
節,竹,7625,1
富,宀,7621,3
遭,辵,7619,1
潰,水,7589,0
冬,冫,7588,4
潜,水,7579,1
林,木,7576,2
縁,糸,7573,1
瀬,水,7567,1
己,己,7559,1
包,勹,7557,2
飾,食,7552,1
揺,手,7552,1
駆,馬,7543,1
勤,力,7530,3
塗,土,7524,2
泥,水,7519,2
模,木,7509,1
崩,山,7489,1
紅,糸,7452,2
農,辰,7439,2
倍,人,7438,2
遣,辵,7428,1
裕,衣,7428,1
陰,阜,7425,1
尊,寸,7404,2
忠,心,7381,1
略,田,7361,2
呂,口,7357,1
賛,貝,7348,3
慮,心,7333,1
柄,木,7325,1
韓,韋,7268,0
句,口,7267,1
蹴,足,7248,0
獲,犬,7214,1
鮮,魚,7205,1
豆,豆,7201,1
封,寸,7198,2
贈,貝,7194,2
免,儿,7184,1
板,木,7143,2
埋,土,7110,2
鏡,金,7070,1
騎,馬,7051,1
哲,口,7050,1
辛,辛,7031,2
慎,心,7028,1
距,足,7024,1
省,目,7017,2
威,女,7007,1
渉,水,7005,1
液,水,6997,2
雲,雨,6966,2
倉,人,6944,1
拒,手,6940,1
弥,弓,6911,1
葬,艸,6891,1
脈,肉,6874,1
築,竹,6870,2
則,刀,6861,2
獣,犬,6855,1
委,女,6833,2
環,玉,6820,1
律,彳,6803,2
床,广,6789,2
尉,寸,6765,1
賭,貝,6763,0
請,言,6762,1
狩,犬,6757,1
群,羊,6725,2
締,糸,6724,1
唯,口,6723,1
占,卜,6717,2
繰,糸,6696,1
昇,日,6694,2
徹,彳,6674,1
巡,巛,6673,1
焦,火,6657,1
寺,寸,6649,2
宣,宀,6598,1
憎,心,6597,2
及,又,6593,1
褒,衣,6564,1
酸,酉,6552,1
各,口,6544,2
奮,大,6544,1
奏,大,6541,1
敷,攴,6498,1
航,舟,6495,2
討,言,6489,1
推,手,6482,1
誌,言,6468,2
釣,金,6468,1
冒,冂,6434,1
属,尸,6417,1
露,雨,6416,1
釈,釆,6391,1
幻,幺,6376,1
嫁,女,6348,1
涙,水,6333,2
肩,肉,6325,2
偶,人,6321,3
娠,女,6302,1
揮,手,6274,1
斬,斤,6258,0
章,立,6243,2
沈,水,6241,2
愚,心,6234,1
謎,言,6210,0
塩,鹵,6199,2
採,手,6171,2
浴,水,6163,2
珍,玉,6162,2
致,至,6162,1
鎖,金,6149,1
腰,肉,6099,2
仙,人,6086,1
陣,阜,6080,1
叔,又,5977,1
腐,肉,5943,1
償,人,5906,1
泳,水,5880,3
岸,山,5876,2
妃,女,5871,1
央,大,5857,2
孤,子,5823,1
薄,艸,5806,2
梨,木,5797,1
拾,手,5773,2
紫,糸,5771,1
虎,虍,5760,1
飼,食,5684,1
拐,手,5681,1
震,雨,5679,2
麗,鹿,5649,1
恨,心,5643,1
凍,冫,5638,2
旦,日,5590,1
臣,臣,5579,2
穂,禾,5574,1
趣,走,5548,1
抑,手,5545,1
掘,手,5542,2
匹,匸,5541,2
班,玉,5537,1
懐,心,5508,1
抵,手,5507,1
扉,戶,5501,1
貧,貝,5497,3
就,尢,5493,1
粉,米,5466,2
丁,一,5432,1
尋,寸,5416,1
添,水,5389,1
緑,糸,5386,2
革,革,5382,2
邦,邑,5371,1
匠,匚,5345,1
須,頁,5307,1
譲,言,5305,1
斗,斗,5304,1
衆,血,5299,1
干,干,5241,2
拳,手,5219,1
墓,土,5213,1
池,水,5203,2
挨,手,5179,0
拶,手,5179,0
針,金,5176,2
謀,言,5169,1
遂,辵,5159,1
滑,水,5143,1
徴,彳,5132,1
益,皿,5111,1
豚,豕,5110,1
偵,人,5095,1
菓,艸,5093,2
舎,舌,5084,1
酷,酉,5052,1
豪,豕,5046,1
惨,心,5046,1
諸,言,5033,2
称,禾,5019,1
双,隹,5017,2
煙,火,5012,3
械,木,5012,2
績,糸,5000,2
裸,衣,5000,1
暑,日,4969,1
詩,言,4959,1
漏,水,4947,1
召,口,4939,2
帽,巾,4938,2
嵐,山,4925,1
胞,肉,4924,1
紋,糸,4924,1
札,木,4897,2
塚,土,4892,1
析,木,4887,1
枝,木,4869,2
笛,竹,4863,1
豊,豆,4856,2
顧,頁,4812,1
駅,馬,4796,4
既,无,4794,1
糖,米,4781,1
狂,犬,4769,1
輸,車,4756,2
幹,干,4739,1
層,尸,4729,2
災,火,4726,1
含,口,4713,2
透,辵,4712,1
湯,水,4690,2
仁,人,4664,1
揚,手,4645,1
銭,金,4644,1
講,言,4639,2
却,卩,4633,1
覧,見,4572,1
典,八,4570,1
柔,木,4550,2
肝,肉,4549,1
竹,竹,4541,2
株,木,4528,1
躍,足,4496,1
溶,水,4488,2
巣,巛,4486,1
眼,目,4480,1
亀,龜,4471,1
六,八,4464,5
菊,艸,4462,1
凶,凵,4462,1
芝,艸,4462,1
童,立,4437,2
随,阜,4433,1
飽,食,4412,1
廷,廴,4411,1
肌,肉,4376,2
僚,人,4373,1
芽,艸,4362,1
皿,皿,4335,2
浦,水,4329,1
縛,糸,4320,1
寿,士,4318,0
縮,糸,4289,1
惜,心,4288,1
杉,木,4281,1
辱,辰,4254,1
催,人,4252,1
僧,人,4247,1
戒,戈,4229,1
厚,厂,4227,2
誉,言,4216,1
版,片,4188,2
刃,刀,4175,1
伯,人,4167,1
撤,手,4163,1
覆,襾,4131,1
洞,水,4125,1
牙,牙,4121,0
廃,广,4109,1
雰,雨,4102,1
虐,虍,4075,1
削,刀,4073,1
跳,足,4056,1
即,卩,4052,1
賀,貝,4038,1
微,彳,4037,1
囚,囗,4009,1
痕,疒,4008,0
九,乙,3995,5
妬,女,3988,0
齢,齒,3986,2
拝,手,3985,2
匂,勹,3980,0
棄,木,3977,1
狭,犬,3970,1
汗,水,3969,2
仰,人,3945,1
灰,火,3944,2
絞,糸,3937,1
悠,心,3911,1
駐,馬,3901,2
哀,口,3890,1
桑,木,3874,1
履,尸,3871,1
峰,山,3867,1
排,手,3865,1
般,舟,3861,2
維,糸,3857,1
砕,石,3853,1
貫,貝,3848,1
潮,水,3845,1
憩,心,3842,1
甲,田,3827,1
控,手,3820,1
睡,目,3795,1
慈,心,3788,1
斎,齊,3787,1
玄,玄,3774,1
稿,禾,3762,1
税,禾,3758,2
浅,水,3758,2
拘,手,3750,1
喪,口,3746,1
熟,火,3744,1
磨,石,3733,2
潔,水,3706,1
舌,舌,3704,1
勧,力,3687,1
還,辵,3684,1
羅,网,3669,1
麦,麥,3666,2
滞,水,3656,1
晶,日,3652,1
腫,肉,3649,0
臨,臣,3633,1
湖,水,3630,2
欺,欠,3630,1
融,虫,3630,1
烈,火,3596,1
販,貝,3584,2
霧,雨,3577,1
陥,阜,3543,1
賃,貝,3537,1
鑑,金,3524,1
硬,石,3518,2
盤,皿,3515,1
斉,齊,3496,1
充,儿,3482,1
癒,疒,3480,1
暖,日,3446,1
範,竹,3444,1
畑,田,3444,0
鹿,鹿,3431,1
錠,金,3425,1
堅,土,3424,1
嫉,女,3409,0
濃,水,3390,2
胆,肉,3370,1
献,犬,3366,1
筆,竹,3364,2
慌,心,3341,0
貨,貝,3331,2
塞,土,3329,0
炭,火,3316,2
遇,辵,3312,1
縦,糸,3312,1
厄,厂,3312,1
伴,人,3297,1
帳,巾,3289,1
隔,阜,3273,1
批,手,3272,1
阻,阜,3267,1
懲,心,3244,1
殊,歹,3243,1
漫,水,3234,1
沖,水,3227,1
翼,羽,3211,1
后,口,3210,1
募,力,3206,2
堀,土,3205,1
猿,犬,3204,1
鍛,金,3197,1
俳,人,3193,1
拭,手,3184,0
鶏,鳥,3177,1
曹,曰,3172,1
縫,糸,3167,1
漢,水,3163,4
鋭,金,3163,2
隙,阜,3161,0
敢,攴,3156,1
煮,火,3155,1
縄,糸,3149,1
菌,艸,3140,1
妨,女,3137,1
翌,羽,3136,2
郡,邑,3130,1
穏,禾,3129,1
劣,力,3126,1
核,木,3106,1
爵,爪,3106,1
卑,十,3103,1
憧,心,3088,1
券,刀,3085,2
薫,艸,3085,1
旗,方,3083,1
慰,心,3078,1
隷,隶,3055,1
没,水,3052,1
繁,糸,3051,1
拓,手,3041,1
肺,肉,3037,1
倫,人,3013,1
拡,手,3007,1
滝,水,3004,1
沼,水,2991,1
糸,糸,2985,2
塔,土,2977,2
灯,火,2976,2
侮,人,2972,1
摘,手,2963,1
旧,臼,2962,2
濯,水,2960,2
肢,肉,2957,1
述,辵,2956,2
紛,糸,2939,1
彩,彡,2928,1
庁,广,2927,2
癖,疒,2926,1
餌,食,2922,0
仏,人,2921,2
泰,水,2911,1
奉,大,2910,1
盟,皿,2893,1
嗅,口,2888,0
爪,爪,2885,0
虚,虍,2884,1
蛇,虫,2877,1
浪,水,2852,1
託,言,2851,1
詐,言,2846,1
盾,目,2845,1
羊,羊,2844,1
猛,犬,2825,1
麺,麥,2795,0
噴,口,2787,1
詞,言,2783,2
寧,宀,2778,1
涼,水,2777,2
鍋,金,2775,0
敏,攴,2774,1
妄,女,2758,1
浄,水,2753,1
季,子,2751,2
鋼,金,2746,1
傾,人,2744,2
酬,酉,2743,1
熊,火,2726,1
棚,木,2726,1
挟,手,2708,2
乙,乙,2682,1
鼓,鼓,2680,1
鎮,金,2674,1
披,手,2674,1
粋,米,2671,1
赦,赤,2664,1
脂,肉,2661,2
励,力,2661,1
汁,水,2653,1
鐘,金,2649,1
伺,人,2641,2
漁,水,2630,2
冠,冖,2621,1
佳,人,2617,1
孝,子,2617,1
序,广,2610,1
柳,木,2605,1
腸,肉,2583,1
胃,肉,2575,2
渋,水,2573,1
著,艸,2561,2
均,土,2545,2
瓶,瓦,2540,2
朗,月,2534,1
貼,貝,2531,0
浸,水,2529,1
瞳,目,2527,1
易,日,2526,3
茂,艸,2521,1
膨,肉,2516,1
唱,口,2514,1
貯,貝,2513,2
飢,食,2489,1
網,糸,2477,1
眺,目,2472,1
貝,貝,2471,2
稲,禾,2460,1
湾,水,2458,2
滴,水,2452,2
征,彳,2437,1
柱,木,2423,2
架,木,2415,1
閣,門,2412,1
尿,尸,2412,1
缶,缶,2403,2
薦,艸,2403,1
泡,水,2398,1
蒸,艸,2381,2
踪,足,2364,0
粒,米,2353,2
机,木,2351,2
雅,隹,2348,1
鶴,鳥,2344,1
汽,水,2331,1
貢,貝,2330,1
軌,車,2319,1
扶,手,2302,1
漬,水,2290,1
兼,八,2285,1
寛,宀,2284,1
寸,寸,2280,1
乏,丿,2279,1
鉱,金,2277,2
拷,手,2277,1
弓,弓,2275,1
尚,小,2266,1
県,糸,2260,2
磁,石,2253,1
漠,水,2253,1
侍,人,2245,1
脇,肉,2234,0
幅,巾,2220,2
項,頁,2217,1
殻,殳,2214,1
摩,手,2204,1
臆,肉,2199,0
垂,土,2188,1
沿,水,2187,1
廊,广,2186,1
卓,十,2179,1
溺,水,2176,0
訟,言,2164,1
錬,金,2155,1
稚,禾,2138,1
蛍,虫,2133,1
寮,宀,2128,1
俊,人,2124,1
醜,酉,2120,1
軟,車,2113,2
簿,竹,2108,1
購,貝,2103,1
嘆,口,2077,1
邸,邑,2076,1
塊,土,2073,1
窟,穴,2070,0
克,儿,2062,1
痩,疒,2061,0
把,手,2052,1
戚,戈,2051,0
鈍,金,2049,2
駒,馬,2046,1
阪,阜,2026,3
怠,心,2023,1
梗,木,2023,0
唇,口,2018,1
兆,儿,2009,2
凡,几,2008,1
籍,竹,2007,2
偏,人,2001,1
宴,宀,1998,1
摂,手,1998,1
筒,竹,1997,2
膜,肉,1992,1
荘,艸,1987,1
欧,欠,1983,2
愉,心,1975,1
粧,米,1974,0
蜂,虫,1972,0
郵,邑,1971,2
紳,糸,1971,1
繊,糸,1970,1
丘,一,1965,1
棟,木,1953,1
撲,手,1946,1
緩,糸,1933,1
恭,心,1929,1
彫,彡,1928,1
圏,囗,1919,1
婆,女,1916,1
貞,貝,1915,1
穫,禾,1911,1
冥,冖,1911,0
憲,心,1906,1
疫,疒,1886,1
瘍,疒,1880,0
陪,阜,1874,1
梅,木,1870,1
傑,人,1869,1
掲,手,1861,1
符,竹,1856,2
隅,阜,1855,2
苗,艸,1846,1
暦,日,1840,1
湿,水,1837,2
肥,肉,1836,1
墜,土,1831,1
椅,木,1828,0
漂,水,1827,1
股,肉,1827,0
湧,水,1820,1
剛,刀,1819,1
椎,木,1816,1
汰,水,1814,1
往,彳,1792,1
唐,口,1789,0
珠,玉,1777,1
喫,口,1772,2
膚,肉,1756,2
遮,辵,1755,1
喚,口,1727,1
涯,水,1723,1
垣,土,1716,1
枕,木,1716,0
傘,人,1694,1
巧,工,1689,1
軒,車,1680,2
虜,虍,1679,1
幾,幺,1676,3
殖,歹,1671,1
壇,土,1666,1
頻,頁,1665,1
概,木,1650,1
妥,女,1647,1
朱,木,1629,1
扇,戶,1616,1
丹,丶,1615,1
謙,言,1612,1
畜,田,1589,2
喉,口,1587,0
羨,羊,1583,0
粗,米,1578,1
宛,宀,1577,0
壮,士,1576,1
捉,手,1575,0
奨,大,1572,1
剰,刀,1548,1
猟,犬,1544,1
覇,雨,1542,1
炉,火,1541,1
慶,心,1526,1
隆,阜,1520,1
徐,彳,1517,1
詮,言,1516,0
粘,米,1513,1
疎,疋,1504,1
蛮,虫,1502,1
渇,水,1498,1
培,土,1495,1
胎,肉,1494,1
舟,舟,1486,2
銅,金,1484,2
骸,骨,1483,0
綱,糸,1481,1
澄,水,1472,1
痴,疒,1465,1
帆,巾,1464,1
崇,山,1462,1
促,人,1460,1
腎,肉,1460,0
賄,貝,1457,1
搭,手,1450,1
虹,虫,1437,1
凝,冫,1428,1
銘,金,1423,1
崖,山,1417,0
沸,水,1414,2
綿,糸,1411,2
挿,手,1406,1
窮,穴,1404,1
暁,日,1396,1
酢,酉,1389,1
隻,隹,1367,2
翻,飛,1367,1
秩,禾,1365,1
搬,手,1362,1
稽,禾,1359,0
肪,肉,1356,1
堕,土,1350,1
餅,食,1350,0
昭,日,1337,1
溝,水,1325,1
如,女,1310,1
矛,矛,1310,1
恒,心,1303,1
刷,刀,1298,2
勲,力,1295,1
曽,曰,1293,0
啓,口,1292,1
婿,女,1292,1
祥,示,1284,1
俗,人,1280,1
眉,目,1271,1
錯,金,1270,1
芳,艸,1256,1
膝,肉,1254,0
弦,弓,1253,1
冊,冂,1251,2
憂,心,1248,1
疾,疒,1247,1
零,雨,1246,2
径,彳,1245,1
郊,邑,1244,2
刈,刀,1238,1
糧,米,1238,1
枯,木,1237,2
傍,人,1237,1
髄,骨,1225,1
蓋,艸,1225,0
債,人,1224,1
陳,阜,1215,1
亭,亠,1212,1
枠,木,1208,1
逸,辵,1207,1
匿,匸,1206,1
斜,斗,1205,1
淡,水,1205,1
勃,力,1198,0
棺,木,1194,1
枢,木,1192,1
蓄,艸,1192,1
併,人,1188,1
孔,子,1179,1
諾,言,1178,1
較,車,1176,1
葛,艸,1176,0
拉,手,1163,0
掌,手,1158,1
昆,日,1155,1
彰,彡,1150,1
蜜,虫,1147,0
衰,衣,1144,1
燥,火,1140,2
栽,木,1136,1
陵,阜,1125,1
窒,穴,1122,1
丼,丶,1120,0
粛,聿,1093,1
悼,心,1091,1
旋,方,1085,1
睦,目,1083,1
刊,刀,1073,2
是,日,1073,1
潤,水,1052,1
凄,冫,1049,0
絹,糸,1041,1
礎,石,1036,1
鉛,金,1033,1
抹,手,1015,1
墨,土,1014,1
姓,女,1011,2
蚊,虫,1004,1
鉢,金,1002,1
渦,水,990,1
又,又,987,1
醒,酉,987,0
需,雨,984,1
舗,舌,983,1
剖,刀,979,1
栓,木,970,1
逝,辵,966,1
岳,山,965,1
炊,火,965,1
堪,土,954,1
搾,手,953,1
賂,貝,950,0
釜,金,948,0
畳,田,946,2
謹,言,944,1
軸,車,925,1
盲,目,922,1
轄,車,920,1
猶,犬,917,1
乞,乙,917,0
侶,人,907,0
籠,竹,900,0
刹,刀,897,0
瑠,玉,891,1
槽,木,890,1
拙,手,889,1
箸,竹,888,0
緯,糸,880,1
窃,穴,880,1
戯,戈,876,1
袖,衣,875,0
藍,艸,864,1
柿,木,858,0
帥,巾,849,1
詠,言,848,1
忌,心,847,1
迅,辵,846,1
鯨,魚,835,1
陶,阜,835,1
僅,人,831,0
膳,肉,829,0
酎,酉,828,0
慕,心,826,1
朽,木,825,1
艇,舟,823,1
藻,艸,822,1
脊,肉,817,0
塾,土,816,1
喝,口,814,1
岐,山,812,1
芋,艸,811,1
胴,肉,806,1
礁,石,801,1
爽,爻,799,1
挫,手,797,0
抽,手,794,1
矯,矢,791,1
擦,手,785,1
祉,示,781,1
措,手,780,1
腺,肉,779,0
呉,口,772,1
戴,戈,771,0
酵,酉,770,1
傲,人,769,0
宜,宀,768,1
唾,口,758,0
廉,广,750,1
罵,网,748,0
塁,土,747,1
宰,宀,741,1
践,足,737,1
碁,石,736,1
巾,巾,735,0
据,手,733,1
璃,玉,733,1
擁,手,727,1
娯,女,726,1
淑,水,722,1
悦,心,721,1
庶,广,721,1
貌,豸,717,0
蔽,艸,713,0
顕,頁,712,1
閥,門,712,1
准,冫,710,1
篤,竹,699,1
旨,日,698,1
桁,木,697,0
煩,火,695,1
宵,宀,693,1
舷,舟,693,0
渓,水,692,1
媒,女,687,1
侯,人,686,1
鎌,金,679,1
姻,女,677,1
漆,水,675,1
昧,日,674,0
耗,耒,667,1
赴,走,666,1
酪,酉,665,1
蔑,艸,663,0
伐,人,658,1
曇,日,650,2
擬,手,650,1
錦,金,647,1
柵,木,645,0
弄,廾,631,0
穀,禾,630,1
串,丨,624,0
洪,水,607,1
賠,貝,603,1
繭,糸,599,1
貿,貝,592,2
繕,糸,592,1
騰,馬,591,1
箇,竹,590,1
勾,勹,586,0
該,言,584,1
括,手,580,1
棋,木,579,1
郭,邑,576,1
塀,土,574,1
怨,心,572,0
懇,心,571,1
痢,疒,570,1
耕,耒,566,2
煎,火,565,0
盆,皿,562,1
旬,日,561,1
殉,歹,558,1
濁,水,558,1
鬱,鬯,558,0
餓,食,554,1
淫,水,553,0
薪,艸,551,1
朕,月,550,1
尼,尸,550,1
暫,日,548,1
循,彳,545,1
訂,言,544,1
斑,文,541,0
弔,弓,535,1
倣,人,533,1
茎,艸,532,1
禅,示,531,1
堤,土,527,1
逐,辵,526,1
朴,木,522,1
肖,肉,521,1
憤,心,521,1
箋,竹,511,0
吏,口,510,1
嚇,口,509,1
雌,隹,507,1
弊,廾,507,1
嗣,口,504,1
楼,木,504,1
譜,言,499,1
韻,音,498,1
欄,木,497,1
諭,言,488,1
遜,辵,485,0
肯,肉,479,2
泌,水,477,1
岬,山,475,1
賜,貝,473,1
呈,口,465,1
幣,巾,462,1
閲,門,460,1
硫,石,460,1
屯,屮,451,1
瞭,目,447,1
謁,言,437,1
甚,甘,434,1
芯,艸,434,0
吟,口,433,1
紺,糸,433,1
哺,口,433,0
采,釆,431,1
冶,冫,430,1
衡,行,425,1
曖,日,425,0
旺,日,416,1
綻,糸,416,0
襟,衣,410,1
臼,臼,408,0
硝,石,404,1
峡,山,402,1
坪,土,401,1
尺,尸,399,1
藩,艸,395,1
頓,頁,395,0
坑,土,393,1
賓,貝,389,1
碑,石,387,1
唆,口,385,1
峠,山,383,1
瓦,瓦,382,0
勅,力,381,1
奔,大,377,1
醸,酉,373,1
喩,口,371,0
謡,言,367,1
愁,心,362,1
肘,肉,361,0
遍,辵,359,1
滋,水,355,1
壌,土,355,1
苛,艸,346,0
酌,酉,343,1
卸,卩,341,1
捻,手,339,0
玩,玉,334,0
裾,衣,333,0
遡,辵,328,0
顎,頁,322,0
唄,口,306,1
慨,心,297,1
璽,玉,297,0
惰,心,286,1
俵,人,286,1
桟,木,284,1
霜,雨,283,1
媛,女,281,1
享,亠,278,1
禍,示,270,1
貪,貝,268,0
萎,艸,261,0
遷,辵,249,1
埼,土,244,0
惧,心,241,0
某,木,240,1
紡,糸,239,1
捗,手,232,0
糾,糸,225,1
附,阜,222,1
褐,衣,218,1
辣,辛,214,0
叙,攴,212,1
畏,田,209,0
堆,土,207,0
憾,心,192,1
窯,穴,192,1
沃,水,190,0
斥,斤,182,1
艶,色,178,1
寡,宀,176,1
潟,水,176,1
茨,艸,176,0
閑,門,175,1
咽,口,174,0
毀,殳,172,0
畔,田,164,1
儒,人,163,1
伎,人,160,1
詣,言,160,0
舶,舟,159,1
緻,糸,159,0
詔,言,158,1
痘,疒,153,1
翁,羽,151,1
俸,人,151,1
罷,网,144,1
畿,田,143,0
訃,言,138,0
劾,力,137,1
累,糸,133,1
麓,鹿,132,0
嘲,口,131,0
倹,人,124,1
弐,貝,122,1
鋳,金,119,1
摯,手,117,0
賦,貝,116,1
栃,木,116,0
租,禾,112,1
羞,羊,110,0
濫,水,107,1
氾,水,106,0
阜,阜,105,0
升,十,104,1
墳,土,104,1
弧,弓,101,1
嫡,女,100,1
庸,广,94,1
慄,心,84,0
遵,辵,82,1
剝,刀,77,0
凹,凵,74,1
厘,厂,72,1
彙,彐,72,0
斤,斤,69,1
諮,言,66,1
凸,凵,66,1
汎,水,66,0
衷,衣,63,1
蚕,虫,58,1
丙,一,57,1
款,欠,54,1
嘱,口,54,1
迭,辵,52,1
錮,金,50,0
壱,士,48,1
但,人,43,1
墾,土,38,1
謄,言,36,1
且,一,20,1
塑,土,20,1
抄,手,19,1
虞,虍,18,1
逓,辵,14,1
塡,土,14,0
恣,心,13,0
畝,田,11,1
漸,水,9,1
楷,木,9,0
頰,頁,5,0
頒,頁,4,1
憬,心,4,0
諧,言,3,0
𠮟,口,,0